metagene,log2foldchange_After abduction,q-value_After abduction
K00030,-2.254678855144932,0.0368950986625365
K00042,-1.6414904719325394,0.0125490769265644
K00076,-2.0081295329276814,0.0252879892426307
K00087,-1.8069332146054584,0.0208149136706898
K00108,1.880563735336316,0.0125585860190535
K00179,-2.06212364717613,0.0445663763610929
K00194,-2.6222479108420065,0.00031086544375087227
K00196,-2.39580144850688,0.0011727319459088
K00197,-2.6164113966415776,0.0003278284700531754
K00198,-2.116415189809389,0.0018025013644464
K00208,1.7517252847157183,0.0274895594712269
K00226,1.8216027205124397,0.0169144489546697
K00253,1.544822601529681,0.0421300624714503
K00284,-2.144346766738343,0.0002961009271689667
K00335,-1.4089026815821986,0.0484084045618263
K00371,1.9155028586869056,0.0175202202639264
K00374,1.9125099032906483,0.0140075336818069
K00406,1.7396751940823931,0.0485339136680956
K00426,1.6817298530022156,0.0209276146531449
K00532,-2.245179983483569,0.0498979943621752
K00533,-2.5397201664278093,0.0080855043055778
K00627,1.6430910028664334,0.017525423905956
K00689,-3.2964694933890937,0.00014830925700262055
K00821,-1.5004322617135877,0.0150154524377943
K00822,1.5378306012522809,0.0474629932788801
K00879,-1.8068585185661368,0.0285215249934405
K00952,-2.689326377302057,0.0281465831653579
K01002,-1.9903474573710491,0.0026514545526535
K01075,1.548622191558842,0.0497689381264776
K01267,-1.8728053047176931,0.0144522963403634
K01286,-1.5558488641694126,0.0045068947367177
K01308,-2.345839418425602,0.0069632836051796
K01419,2.000987473938048,0.0295947292943644
K01444,-2.6407259027425445,0.0026644355576957
K01449,-2.380683920278852,0.00031361289101009964
K01464,-1.5196364814386527,0.0284644574859974
K01567,-2.610706312855027,2.237245828987988e-05
K01575,1.892121793992939,0.0193130756373829
K01669,1.997304377827149,0.0033353479126569
K01677,-1.9007100046769767,0.0111993905967482
K01678,-1.9102521689543777,0.0093378408887882
K01821,1.6136021817399355,0.0292652769273982
K01968,1.5590450157107782,0.0402923492904765
K02002,1.9520417710860207,0.0046727946024624
K02099,-1.6510238731951734,0.01352801838966
K02258,1.5443954908178776,0.0421766151872288
K02424,2.2059209601929237,0.0023349828761895
K02431,-1.959082395598592,0.0008072833752066672
K02538,2.408122935150689,0.0195510335475035
K02598,-2.008488944863545,0.0011376711994924
K02650,-2.1637743755367964,0.0356697727195996
K02653,-1.8719980072701,0.0268199963650846
K03293,1.9603622271631744,0.0291528539235574
K03305,1.7294542190147952,0.0021994561513723
K03316,1.7661467984588728,0.0164690319961482
K03322,1.6514441063381402,0.0094440760050361
K03328,2.05290973209698,0.037260437517969
K03388,-2.458934642125541,0.0285720644632787
K03389,-2.5857268336896087,0.0052972788421254
K03390,-2.7248152072298546,0.000997958146584234
K03608,-1.7875047801896755,0.0014425249458025
K03635,2.1959201294288606,0.0035878908471432
K03638,2.0183533250880545,0.0255993150449366
K03660,-2.481556853515269,0.00023674776885763385
K03667,2.016689750977852,0.0261296372869035
K03758,1.9415830404628127,0.0101090249001397
K03885,1.7565279469938655,0.033533328170889
K03893,1.947133237782089,0.0250528773917291
K04028,-1.7399691206823769,0.0397509677040757
K04047,1.6925097175033297,0.0019436333648293
K04070,-2.2582302533532883,0.0035009821275795
K04769,-2.377979576343279,0.000906856894778525
K05340,2.218735167214515,0.0168502774964447
K05341,-2.476591582745765,0.011663475477883
K05364,-2.154938153449177,0.0151881271774462
K05520,1.9650940592594248,0.0095955714958539
K05845,2.017471855987849,0.0020868723054327
K05934,-1.917111727918236,0.0379353801478896
K06012,-2.434990596451023,0.0004425987686780756
K06133,-1.525046286308022,0.0030667983305016
K06179,-1.7072210358041695,0.0109718551862697
K06182,-1.731914643013981,0.0269584627573337
K06283,-2.3628475472742467,0.0022164365328028
K06298,-2.479042731898021,0.0076901394071712
K06333,-2.539515819966283,6.083328320044942e-05
K06334,-2.571298775189515,6.126529249741903e-05
K06373,-2.476239210264314,0.0004911811984330757
K06374,-2.4797572844798945,0.0006376595563201309
K06378,-2.0068032465666263,0.0116002688478427
K06379,-2.4400880103476013,0.0004191665410633168
K06381,-1.900540576598761,0.0089429994771611
K06382,-2.425729042084196,0.0005563865288211342
K06383,-2.4428285251660347,0.0016370271461428
K06385,-2.423580727250214,0.0005684818916582972
K06387,-2.3140107339285296,0.003281708669696
K06390,-2.435024335609832,0.0005102051063426035
K06391,-2.4377570727507547,0.0002249163352914333
K06392,-2.4357562375786195,0.0005042758841799439
K06393,-2.433466394699914,0.0005072164373612232
K06394,-2.489740066269702,0.00025286705110885813
K06395,-2.478130847080095,0.00013305984340020245
K06396,-2.431813093946603,0.0005208393557454603
K06397,-2.436554181960956,0.0004978453020393465
K06398,-2.41763444503034,0.0006095255999827722
K06399,-2.4413085979672147,0.0004150369508539236
K06402,-2.455991782043565,0.0044208979108318
K06403,-2.531233325327102,0.0051443534425549
K06404,-2.5274361554936084,0.0052871805484163
K06405,-2.39288619025832,0.0008329165946479157
K06406,-2.406049968734327,0.0007531219779945985
K06407,-2.417886043840529,0.0006219681815541611
K06408,-2.718367708352645,0.0001964923819979196
K06409,-1.885563044805848,0.009803712514012
K06411,-2.3324564568035715,0.0327922020395952
K06416,-2.488056783461847,0.0002582908762247321
K06436,-2.556111288269243,0.0012374787905249
K06438,-2.592855832024129,8.146435132610885e-05
K06859,-2.929887226722563,0.0005661104732287504
K06890,1.5569240072883397,0.0393805640116805
K06897,-2.0046364844749958,0.015341675256838
K06923,-2.3814284817285327,0.004084454972857
K06928,-2.5255359327105498,0.0276740229759942
K07003,-2.1091660351344554,0.0148713670245352
K07053,-1.5109764921448576,0.0199986393505425
K07138,-2.0784068301379817,0.0193449697994469
K07216,-2.455212858917162,0.000955003670919649
K07304,1.830380391232063,0.0398028627845456
K07321,-2.514109259381009,0.00014779345088321923
K07502,-2.2497861872394025,0.0206418346594153
K07576,-2.3122131869892497,0.0114671360174773
K07577,1.568154072731979,0.0236984090340818
K07650,-3.042066155791963,2.9741178191550835e-05
K07699,-2.4279568684163517,0.0005385248879171975
K07717,-2.5145207969493373,0.014833086880636
K07736,-2.0329002455224083,0.0244702884870712
K07770,-2.720147938726958,0.0002702215923066438
K07814,-2.5094261966220803,0.0010296847927403
K08384,-2.016216134343056,0.0026048725148275
K08996,2.4425097554746324,0.0114102013315203
K09116,-2.8186646503996804,0.0065153939655559
K09696,-2.790145837882544,3.014270221841422e-05
K09697,-2.7717986070083893,3.615988945862603e-05
K09706,-2.496061188797008,0.027641927522112
K09759,-2.369396363391675,0.0060156080626926
K09777,-1.8125317801572056,0.0349669530299253
K09983,1.551757238901605,0.0486156139686648
K10009,2.098518641722388,0.0022476590110378
K10010,2.1409415045018694,0.0041838861362577
K10119,-1.653154811636926,0.0457959887381031
K10202,-2.120482358651141,0.0092069314147011
K10672,-2.332868084787544,0.0246695627140111
K11184,-2.579102241510391,0.0016745816265688
K11358,-2.56977181299927,5.266332235476797e-05
K12510,-1.966284063662192,0.0178200001453378
K12992,-2.5732936655518786,0.0005368461177078593
K13479,-1.787127073649315,0.0197180019177524
K13954,-1.935543268789524,0.0390683429075981
K14048,-2.221739482442275,0.0029521906298843
K14138,-2.621217763430569,0.00032204633717056327
K14194,3.079944477715898,0.0298572237862508
K15023,-2.6222479108420065,0.00031086544375087227
K15024,-2.2426551043497027,5.275431230506918e-05
K15533,-2.45512611713272,0.0021820403934579
K16012,2.11054638614867,0.0034406577122166
K16013,1.9474215819701723,0.0075018230675062
K16264,1.7901069316391425,0.0034932188868248
K16950,-2.12822368543356,0.0497786650067202
K16951,-2.1794931354366205,0.0334214681583123
K17321,1.5534203383455285,0.0404036794583881
K17322,1.579605227504229,0.0205259004202835
K17323,1.5534203383455285,0.0404036794583881
K17324,1.579605227504229,0.0205259004202835
K17325,1.5534203383455285,0.0404036794583881
K17734,-2.426249772875664,0.0089157290327896
K18335,1.6023587498526677,0.0353933616052976
K18344,-2.339674711156978,0.0115408481982223
K18475,-1.776541735814234,0.0101086553395473
K18986,-2.622485409027431,0.0002925579724434291
K19294,-2.1260891716060555,0.0063439304063057
